{"accuracy": 0.8666666666666667, "specificity": 0.1875, "sensitivity": 0.9887640449438202}